GISAID ID	name	isolate	GARD	virus_set	host	country	date	SOURCE	GISAID_acknowledgement	latitude	longitude	fn_coordinates	coordinate_loc	coordinate_comment
MN908947	MN908947.3	Wuhan-Hu-1	SC2	SC2	Homo sapiens	Hubei	2019-12			30.67321023	114.2987561	"(30.673210230995313, 114.29875609255726)"	Wuhan	
hCoV-19/bat/Yunnan/RaTG13/2013|EPI_ISL_402131|2013-07-24	MN996532.2	RaTG13	SC2	SC2	Rhinolophus affinis	Yunnan	2013-07-24	10.1038/s41586-020-2012-7		23.29298412	101.3836952	"(23.292984115330405, 101.38369522652954)"	Tongguan Town	
hCoV-19/bat/Yunnan/RpYN06/2020|EPI_ISL_1699446|2020-05-25	MZ081381.1	bat/Yunnan/RpYN06/2020	SC2	SC1/SC2	Rhinolophus pusillus	Yunnan	2020-05-25	10.1016/j.cell.2021.06.008		21.47195673	101.556792	"(21.471956729071447, 101.55679203892701)"	Mengla	
hCoV-19/bat/Yunnan/RsYN06/2020|EPI_ISL_1663616|2020-05-25	not found in other dataset	not found in other dataset	not found in other dataset	not found in other dataset	not found in other dataset	not found in other dataset	not found in other dataset	not found in other dataset	not found in other dataset	not found in other dataset	not found in other dataset	not found in other dataset	not found in other dataset	not found in other dataset
hCoV-19/bat/Yunnan/RmYN02/2019|EPI_ISL_412977|2019-06-25	EPI_ISL_412977	RmYN02	SC2	SC1/SC2	Rhinolophus malayanus	Yunnan	2019-06-25	10.1016/j.cub.2020.05.023	Weifeng Shi; Tao Hu; Hong Zhou; Juan Li; Xing Chen; Alice Catherine Hughes; Yuhai Bi	21.471956729071400	101.556792038927	"(21.471956729071447, 101.55679203892701)"	Mengla	
hCoV-19/bat/Yunnan/PrC31/2018|EPI_ISL_1098866|2018-08	MW703458.1	PrC31	SC2	SC1/SC2	Rhinolophus pusillus	Yunnan	2018-08	10.1080/22221751.2021.1964925		24.26621094	101.4905298	"(27.709053887557445, 105.30016133626333),(24.051554448391656, 105.39963857457289),(22.606485539987325, 102.3826280632575),(23.172676964368236, 99.05768520189399),(27.928552435074856, 98.19676000180482),(26.84165922493333, 101.40043005017299)"	Yunnan	province-level
hCoV-19/bat/Laos/BANAL-52/2020|EPI_ISL_4302644|2020-07-05	MZ937000.1	BANAL-20-52/Laos/2020	SC2	SC2	Rhinolophus malayanus	Laos	2020-07-05	10.21203/rs.3.rs-871965/v1		18.665859932222600	102.14923141374000	"(18.665859932222595, 102.14923141373973)"	"Fueng​​​ District​, Vientiane Province "	
hCoV-19/bat/Laos/BANAL-103/2020|EPI_ISL_4302645|2020-07-07	MZ937001.1	BANAL-20-103/Laos/2020	SC2	SC2	Rhinolophus pusillus	Laos	2020-07-07	10.21203/rs.3.rs-871965/v1		18.665859932222600	102.14923141374000	"(18.665859932222595, 102.14923141373973)"	"Fueng​​​ District​, Vientiane Province "	
hCoV-19/bat/Laos/BANAL-236/2020|EPI_ISL_4302647|2020-07-10	MZ937003.1	BANAL-20-236/Laos/2020	SC2	SC2	Rhinolophus marshalli	Laos	2020-07-10	10.21203/rs.3.rs-871965/v1		18.665859932222600	102.14923141374000	"(18.665859932222595, 102.14923141373973)"	"Fueng​​​ District​, Vientiane Province "	
hCoV-19/bat/Laos/BANAL-116/2020|EPI_ISL_4302646|2020-07-07	MZ937002.1	BANAL-20-116/Laos/2020	SC2	SC1/SC2	Rhinolophus malayanus	Laos	2020-07-07	10.21203/rs.3.rs-871965/v1		18.665859932222600	102.14923141374000	"(18.665859932222595, 102.14923141373973)"	"Fueng​​​ District​, Vientiane Province "	
hCoV-19/bat/Laos/BANAL-247/2020|EPI_ISL_4302648|2020-07-10	MZ937004.1	BANAL-20-247/Laos/2020		SC1/SC2	Rhinolophus malayanus	Laos	2020-07-10	10.21203/rs.3.rs-871965/v1		18.665859932222600	102.14923141374000	"(18.665859932222595, 102.14923141373973)"	"Fueng​​​ District​, Vientiane Province "	
hCoV-19/bat/Cambodia/RShSTT182/2010|EPI_ISL_852604|2010-12-06	EPI_ISL_852604	RshSTT182	SC2	SC2	Rhinolophus shameli	Cambodia	2010-12-06	10.1101/2021.01.26.428212	Vibol Hul; Deborah Delaune; Erik A Karlsson; Ou Tey Putita; Alexandre Hassanin; Artem Baidaliuk; Fabiana GÃ¡mbaro; Vuong Tan Tu; Lucy Keatts; Jonna Mazet; Christine Johnson; Philippe Buchy; Philippe Dussart; Tracey Goldstein; Etienne Simon-LoriÃ¨re; Veasna Duong	13.72259968	106.2526721	"(13.722599682592563, 106.2526721387726)"	Steung Treng Province	
hCoV-19/bat/Cambodia/RShSTT200/2010|EPI_ISL_852605|2010-12-06	EPI_ISL_852605	RshSTT200		SC2	Rhinolophus shameli	Cambodia	2010-12-06	10.1101/2021.01.26.428212	Vibol Hul; Deborah Delaune; Erik A Karlsson; Ou Tey Putita; Alexandre Hassanin; Artem Baidaliuk; Fabiana GÃ¡mbaro; Vuong Tan Tu; Lucy Keatts; Jonna Mazet; Christine Johnson; Philippe Buchy; Philippe Dussart; Tracey Goldstein; Etienne Simon-LoriÃ¨re; Veasna Duong	13.72259968	106.2526721	"(13.722599682592563, 106.2526721387726)"	Steung Treng Province	
hCoV-19/bat/Yunnan/RmYN07/2020|EPI_ISL_1699447|2020-06-03	not found in other dataset	not found in other dataset	not found in other dataset	not found in other dataset	not found in other dataset	not found in other dataset	not found in other dataset	not found in other dataset	not found in other dataset	not found in other dataset	not found in other dataset	not found in other dataset	not found in other dataset	not found in other dataset
hCoV-19/bat/Yunnan/RsYN03/2019|EPI_ISL_1699443|2019-10-22	not found in other dataset	not found in other dataset	not found in other dataset	not found in other dataset	not found in other dataset	not found in other dataset	not found in other dataset	not found in other dataset	not found in other dataset	not found in other dataset	not found in other dataset	not found in other dataset	not found in other dataset	not found in other dataset
hCoV-19/bat/Yunnan/RsYN09/2020|EPI_ISL_1699449|2020-07-28	not found in other dataset	not found in other dataset	not found in other dataset	not found in other dataset	not found in other dataset	not found in other dataset	not found in other dataset	not found in other dataset	not found in other dataset	not found in other dataset	not found in other dataset	not found in other dataset	not found in other dataset	not found in other dataset
hCoV-19/bat/Yunnan/RmYN01/2019|EPI_ISL_412976|2019-06-25	not found in other dataset	not found in other dataset	not found in other dataset	not found in other dataset	not found in other dataset	not found in other dataset	not found in other dataset	not found in other dataset	not found in other dataset	not found in other dataset	not found in other dataset	not found in other dataset	not found in other dataset	not found in other dataset
hCoV-19/bat/Yunnan/RmYN08/2020|EPI_ISL_1699448|2020-07-14	MZ081378.1	bat/Yunnan/RmYN08/2020		outgroup	Rhinolophus malayanus	Yunnan	2020-07-14	10.1016/j.cell.2021.06.008		21.47195673	101.556792	"(21.471956729071447, 101.55679203892701)"	Mengla	
hCoV-19/bat/Yunnan/RsYN04/2020|EPI_ISL_1699444|2020-04-18	MZ081380.1	bat/Yunnan/RsYN04/2020		outgroup	Rhinolophus stheno	Yunnan	2020-04-18	10.1016/j.cell.2021.06.008		21.47195673	101.556792	"(21.471956729071447, 101.55679203892701)"	Mengla	
hCoV-19/bat/Yunnan/RmYN05/2020|EPI_ISL_1699445|2020-05-25	MZ081376.1	bat/Yunnan/RmYN05/2020		outgroup	Rhinolophus malayanus	Yunnan	2020-05-25	10.1016/j.cell.2021.06.008		21.47195673	101.556792	"(21.471956729071447, 101.55679203892701)"	Mengla	